,Date,Share_Price
0,2013-08-15,17.7
1,2013-08-16,17.7
2,2013-08-19,17.6
3,2013-08-20,17.55
4,2013-08-21,17.45
5,2013-08-22,17.5
6,2013-08-23,17.45
7,2013-08-26,17.45
8,2013-08-27,17.5
9,2013-08-28,17.45
10,2013-08-29,17.3
11,2013-08-30,17.05
12,2013-09-02,17.1
13,2013-09-03,17.05
14,2013-09-04,17.05
15,2013-09-05,17.25
16,2013-09-06,17.25
17,2013-09-09,17.15
18,2013-09-10,16.75
19,2013-09-11,17.0
20,2013-09-12,17.05
21,2013-09-13,17.05
22,2013-09-16,17.0
23,2013-09-17,17.0
24,2013-09-18,17.05
25,2013-09-19,17.1
26,2013-09-20,17.0
27,2013-09-23,17.05
28,2013-09-24,17.0
29,2013-09-25,17.05
30,2013-09-26,17.05
31,2013-09-27,17.05
32,2013-09-30,17.05
33,2013-10-02,17.15
34,2013-10-03,17.25
35,2013-10-04,17.3
36,2013-10-07,17.35
37,2013-10-08,17.65
38,2013-10-09,18.0
39,2013-10-10,18.1
40,2013-10-11,18.15
41,2013-10-14,18.35
42,2013-10-15,18.4
43,2013-10-16,18.3
44,2013-10-17,18.4
45,2013-10-18,18.45
46,2013-10-22,18.5
47,2013-10-23,18.5
48,2013-10-24,18.55
49,2013-10-25,18.5
50,2013-10-28,18.75
51,2013-10-30,18.7
52,2013-10-31,18.65
53,2013-11-01,18.65
54,2013-11-04,18.65
55,2013-11-05,18.6
56,2013-11-06,18.5
57,2013-11-07,18.55
58,2013-11-08,18.6
59,2013-11-11,18.5
60,2013-11-12,18.5
61,2013-11-13,18.5
62,2013-11-14,18.6
63,2013-11-15,18.55
64,2013-11-18,18.55
65,2013-11-19,18.5
66,2013-11-20,18.5
67,2013-11-21,18.55
68,2013-11-22,18.5
69,2013-11-25,18.5
70,2013-11-26,18.5
71,2013-11-27,18.45
72,2013-11-28,17.75
73,2013-11-29,17.5
74,2013-12-02,17.6
75,2013-12-03,17.55
76,2013-12-04,17.55
77,2013-12-05,17.75
78,2013-12-06,17.6
79,2013-12-09,17.7
80,2013-12-10,17.7
81,2013-12-11,17.6
82,2013-12-16,17.55
83,2013-12-17,17.15
84,2013-12-18,17.15
85,2013-12-19,17.25
86,2013-12-20,17.4
87,2013-12-23,17.8
88,2013-12-24,17.75
89,2013-12-27,17.75
90,2013-12-30,17.6
91,2013-12-31,17.6
92,2014-01-02,17.7
93,2014-01-03,17.6
94,2014-01-06,17.6
95,2014-01-07,17.6
96,2014-01-08,17.6
97,2014-01-09,17.75
98,2014-01-10,17.6
99,2014-01-13,17.2
100,2014-01-14,17.3
101,2014-01-15,17.35
102,2014-01-16,17.4
103,2014-01-17,17.3
104,2014-01-20,17.55
105,2014-01-21,17.6
106,2014-01-22,17.75
107,2014-01-23,18.0
108,2014-01-24,18.15
109,2014-01-27,18.2
110,2014-01-28,17.95
111,2014-01-29,17.5
112,2014-01-30,17.0
113,2014-01-31,16.95
114,2014-02-03,16.95
115,2014-02-04,16.9
116,2014-02-05,16.95
117,2014-02-06,16.6
118,2014-02-07,16.7
119,2014-02-10,16.65
120,2014-02-11,16.85
121,2014-02-12,16.85
122,2014-02-13,16.6
123,2014-02-14,16.55
124,2014-02-17,16.4
125,2014-02-18,16.35
126,2014-02-19,16.0
127,2014-02-20,16.1
128,2014-02-21,16.05
129,2014-02-24,16.45
130,2014-02-25,16.45
131,2014-02-26,16.55
132,2014-02-27,16.5
133,2014-02-28,16.15
134,2014-03-03,16.2
135,2014-03-04,16.2
136,2014-03-05,16.2
137,2014-03-06,16.3
138,2014-03-07,16.2
139,2014-03-10,16.45
140,2014-03-11,16.15
141,2014-03-12,16.2
142,2014-03-13,16.25
143,2014-03-14,16.2
144,2014-03-17,16.15
145,2014-03-18,16.05
146,2014-03-19,16.0
147,2014-03-20,16.15
148,2014-03-21,16.2
149,2014-03-24,16.25
150,2014-03-25,16.5
151,2014-03-26,16.7
152,2014-03-27,16.75
153,2014-03-28,16.65
154,2014-03-31,16.1
155,2014-04-01,16.25
156,2014-04-02,16.4
157,2014-04-03,16.45
158,2014-04-04,16.45
159,2014-04-07,16.45
160,2014-04-08,16.3
161,2014-04-09,16.25
162,2014-04-10,16.1
163,2014-04-11,16.15
164,2014-04-14,16.2
165,2014-04-15,16.2
166,2014-04-16,16.25
167,2014-04-17,16.35
168,2014-04-22,16.35
169,2014-04-23,16.45
170,2014-04-24,16.65
171,2014-04-25,16.8
172,2014-04-28,16.8
173,2014-04-29,17.0
174,2014-04-30,16.95
175,2014-05-02,17.0
176,2014-05-05,17.0
177,2014-05-06,17.0
178,2014-05-07,17.05
179,2014-05-08,17.0
180,2014-05-09,17.0
181,2014-05-12,17.0
182,2014-05-13,16.95
183,2014-05-14,16.95
184,2014-05-15,17.0
185,2014-05-16,17.0
186,2014-05-19,17.0
187,2014-05-20,17.0
188,2014-05-21,17.0
189,2014-05-22,17.0
190,2014-05-23,17.0
191,2014-05-26,16.65
192,2014-05-27,16.55
193,2014-05-28,16.45
194,2014-05-29,16.45
195,2014-05-30,16.5
196,2014-06-03,16.55
197,2014-06-04,16.55
198,2014-06-05,16.8
199,2014-06-06,16.9
200,2014-06-09,16.85
201,2014-06-10,16.9
202,2014-06-11,16.95
203,2014-06-12,17.0
204,2014-06-13,17.0
205,2014-06-16,17.0
206,2014-06-17,16.9
207,2014-06-18,16.9
208,2014-06-19,16.9
209,2014-06-20,16.9
210,2014-06-23,16.85
211,2014-06-24,16.85
212,2014-06-25,16.8
213,2014-06-26,16.6
214,2014-06-27,16.65
215,2014-06-30,16.7
216,2014-07-01,16.9
217,2014-07-02,16.95
218,2014-07-03,17.0
219,2014-07-04,16.85
220,2014-07-07,16.85
221,2014-07-08,16.9
222,2014-07-09,17.15
223,2014-07-10,17.0
224,2014-07-11,17.0
225,2014-07-14,17.0
226,2014-07-15,16.95
227,2014-07-16,16.9
228,2014-07-17,16.9
229,2014-07-18,17.0
230,2014-07-21,17.0
231,2014-07-22,17.0
232,2014-07-23,17.05
233,2014-07-24,17.0
234,2014-07-25,16.95
235,2014-07-28,16.6
236,2014-07-30,16.35
237,2014-07-31,16.95
238,2014-08-01,16.95
239,2014-08-04,17.0
240,2014-08-05,17.0
241,2014-08-06,17.05
242,2014-08-07,17.0
243,2014-08-08,17.0
244,2014-08-11,17.05
245,2014-08-12,17.05
246,2014-08-13,17.05
247,2014-08-14,17.2
248,2014-08-15,17.3
249,2014-08-18,17.45
250,2014-08-19,17.45
251,2014-08-20,17.9
252,2014-08-21,18.2
253,2014-08-22,18.0
254,2014-08-25,18.0
255,2014-08-26,18.05
256,2014-08-27,18.1
257,2014-08-28,18.1
258,2014-08-29,18.0
259,2014-09-01,18.0
260,2014-09-02,17.95
261,2014-09-03,17.6
262,2014-09-04,17.5
263,2014-09-05,17.55
264,2014-09-08,17.55
265,2014-09-09,17.35
266,2014-09-10,17.3
267,2014-09-11,17.2
268,2014-09-12,17.05
269,2014-09-15,17.05
270,2014-09-16,17.15
271,2014-09-17,17.45
272,2014-09-18,17.3
273,2014-09-19,17.5
274,2014-09-22,17.65
275,2014-09-23,17.8
276,2014-09-24,17.8
277,2014-09-25,17.75
278,2014-09-26,17.7
279,2014-09-29,17.5
280,2014-09-30,17.45
281,2014-10-01,17.4
282,2014-10-02,17.1
283,2014-10-03,17.1
284,2014-10-06,17.1
285,2014-10-07,17.05
286,2014-10-08,17.05
287,2014-10-09,17.15
288,2014-10-10,17.05
289,2014-10-13,17.05
290,2014-10-14,17.1
291,2014-10-15,17.05
292,2014-10-16,16.9
293,2014-10-17,16.95
294,2014-10-21,16.8
295,2014-10-22,16.95
296,2014-10-23,16.95
297,2014-10-24,16.8
298,2014-10-27,16.85
299,2014-10-28,16.9
300,2014-10-29,16.65
301,2014-10-30,16.75
302,2014-10-31,16.8
303,2014-11-03,16.8
304,2014-11-04,16.9
305,2014-11-05,16.75
306,2014-11-06,16.5
307,2014-11-07,16.55
308,2014-11-10,16.6
309,2014-11-11,16.75
310,2014-11-12,16.95
311,2014-11-13,17.1
312,2014-11-14,17.1
313,2014-11-17,17.05
314,2014-11-18,16.9
315,2014-11-19,16.9
316,2014-11-20,16.9
317,2014-11-21,16.95
318,2014-11-24,16.75
319,2014-11-25,16.8
320,2014-11-26,16.95
321,2014-11-27,16.95
322,2014-11-28,17.0
323,2014-12-01,17.0
324,2014-12-02,17.0
325,2014-12-03,17.1
326,2014-12-04,17.1
327,2014-12-05,17.05
328,2014-12-08,16.85
329,2014-12-09,16.9
330,2014-12-10,16.85
331,2014-12-11,16.1
332,2014-12-15,16.5
333,2014-12-16,16.5
334,2014-12-17,16.55
335,2014-12-18,16.5
336,2014-12-19,16.1
337,2014-12-22,16.25
338,2014-12-23,16.45
339,2014-12-24,16.5
340,2014-12-29,16.55
341,2014-12-30,16.6
342,2014-12-31,16.65
343,2015-01-02,16.75
344,2015-01-05,16.45
345,2015-01-06,16.4
346,2015-01-07,16.3
347,2015-01-08,16.25
348,2015-01-09,16.4
349,2015-01-12,15.95
350,2015-01-13,15.95
351,2015-01-14,16.05
352,2015-01-15,16.25
353,2015-01-16,16.4
354,2015-01-19,16.25
355,2015-01-20,16.3
356,2015-01-21,16.15
357,2015-01-22,16.05
358,2015-01-23,16.1
359,2015-01-26,16.2
360,2015-01-27,16.15
361,2015-01-28,16.2
362,2015-01-29,16.1
363,2015-01-30,16.15
364,2015-02-02,16.15
365,2015-02-03,16.3
366,2015-02-04,16.5
367,2015-02-05,16.7
368,2015-02-06,17.0
369,2015-02-09,16.95
370,2015-02-10,16.95
371,2015-02-11,16.65
372,2015-02-12,16.65
373,2015-02-13,16.7
374,2015-02-16,16.7
375,2015-02-17,16.85
376,2015-02-18,16.85
377,2015-02-19,16.85
378,2015-02-20,16.9
379,2015-02-23,16.95
380,2015-02-24,17.05
381,2015-02-25,17.15
382,2015-02-26,17.2
383,2015-02-27,17.25
384,2015-03-02,17.2
385,2015-03-03,17.0
386,2015-03-04,16.95
387,2015-03-05,16.3
388,2015-03-06,16.8
389,2015-03-09,17.05
390,2015-03-10,17.05
391,2015-03-11,17.0
392,2015-03-12,17.0
393,2015-03-13,17.05
394,2015-03-16,17.05
395,2015-03-17,17.1
396,2015-03-18,17.15
397,2015-03-19,17.1
398,2015-03-20,17.1
399,2015-03-23,17.1
400,2015-03-24,17.1
401,2015-03-25,17.15
402,2015-03-26,16.9
403,2015-03-27,17.25
404,2015-03-30,17.5
405,2015-03-31,16.4
406,2015-04-01,16.45
407,2015-04-02,16.55
408,2015-04-07,16.45
409,2015-04-08,16.45
410,2015-04-09,16.3
411,2015-04-10,16.0
412,2015-04-13,15.95
413,2015-04-14,15.95
414,2015-04-15,15.8
415,2015-04-16,15.75
416,2015-04-17,15.6
417,2015-04-20,15.6
418,2015-04-21,15.45
419,2015-04-22,15.3
420,2015-04-23,15.4
421,2015-04-24,15.45
422,2015-04-27,15.6
423,2015-04-28,15.5
424,2015-04-29,15.7
425,2015-04-30,15.95
426,2015-05-04,15.8
427,2015-05-05,15.75
428,2015-05-06,15.75
429,2015-05-07,15.75
430,2015-05-08,15.95
431,2015-05-11,15.8
432,2015-05-12,15.8
433,2015-05-13,15.45
434,2015-05-14,15.4
435,2015-05-15,15.4
436,2015-05-18,15.35
437,2015-05-19,15.3
438,2015-05-20,15.25
439,2015-05-21,15.2
440,2015-05-22,15.2
441,2015-05-25,15.25
442,2015-05-26,15.5
443,2015-05-27,15.5
444,2015-05-28,15.45
445,2015-05-29,15.35
446,2015-06-02,15.35
447,2015-06-03,15.35
448,2015-06-04,15.3
449,2015-06-05,15.3
450,2015-06-08,15.35
451,2015-06-09,15.3
452,2015-06-10,15.35
453,2015-06-11,15.35
454,2015-06-12,15.35
455,2015-06-15,15.3
456,2015-06-16,15.35
457,2015-06-17,15.5
458,2015-06-18,15.5
459,2015-06-19,15.55
460,2015-06-22,15.5
461,2015-06-23,15.5
462,2015-06-24,15.45
463,2015-06-25,15.5
464,2015-06-26,15.5
465,2015-06-29,15.45
466,2015-06-30,15.55
467,2015-07-01,15.35
468,2015-07-02,15.35
469,2015-07-03,15.25
470,2015-07-06,15.3
471,2015-07-07,15.2
472,2015-07-08,15.3
473,2015-07-09,15.35
474,2015-07-13,15.25
475,2015-07-14,15.3
476,2015-07-15,15.15
477,2015-07-16,15.05
478,2015-07-17,15.1
479,2015-07-20,15.0
480,2015-07-21,15.05
481,2015-07-22,14.95
482,2015-07-23,14.2
483,2015-07-24,14.45
484,2015-07-27,14.3
485,2015-07-28,14.4
486,2015-07-29,14.15
487,2015-07-30,14.35
488,2015-07-31,14.05
489,2015-08-03,14.1
490,2015-08-04,14.2
491,2015-08-05,14.2
492,2015-08-06,14.2
493,2015-08-07,14.35
494,2015-08-10,14.4
495,2015-08-11,14.6
496,2015-08-12,14.85
497,2015-08-13,14.8
498,2015-08-14,14.55
499,2015-08-17,14.45
500,2015-08-18,14.05
501,2015-08-19,14.0
502,2015-08-20,13.95
503,2015-08-21,13.85
504,2015-08-24,13.85
505,2015-08-25,13.55
506,2015-08-26,13.15
507,2015-08-27,12.85
508,2015-08-28,12.85
509,2015-08-31,13.0
510,2015-09-01,12.95
511,2015-09-02,12.95
512,2015-09-03,13.1
513,2015-09-04,13.0
514,2015-09-07,13.0
515,2015-09-08,12.85
516,2015-09-09,12.95
517,2015-09-10,12.9
518,2015-09-11,12.85
519,2015-09-14,12.85
520,2015-09-15,12.85
521,2015-09-16,12.95
522,2015-09-17,12.95
523,2015-09-18,12.9
524,2015-09-21,13.0
525,2015-09-22,13.05
526,2015-09-23,13.0
527,2015-09-24,13.1
528,2015-09-25,13.15
529,2015-09-28,13.1
530,2015-09-29,13.05
531,2015-09-30,13.15
532,2015-10-01,13.05
533,2015-10-02,13.05
534,2015-10-05,12.95
535,2015-10-07,12.9
536,2015-10-08,12.75
537,2015-10-09,12.65
538,2015-10-12,12.35
539,2015-10-13,12.3
540,2015-10-14,11.85
541,2015-10-15,11.8
542,2015-10-16,11.9
543,2015-10-19,12.1
544,2015-10-21,12.15
545,2015-10-22,12.6
546,2015-10-23,12.6
547,2015-10-26,12.55
548,2015-10-27,12.7
549,2015-10-28,12.65
550,2015-10-29,12.65
551,2015-10-30,12.65
552,2015-11-02,12.7
553,2015-11-03,12.65
554,2015-11-04,12.5
555,2015-11-05,12.65
556,2015-11-06,12.65
557,2015-11-09,12.65
558,2015-11-10,12.65
559,2015-11-11,12.9
560,2015-11-12,13.45
561,2015-11-13,13.65
562,2015-11-16,13.75
563,2015-11-17,13.9
564,2015-11-18,13.75
565,2015-11-19,13.9
566,2015-11-20,13.65
567,2015-11-23,13.55
568,2015-11-24,13.45
569,2015-11-25,13.45
570,2015-11-27,13.35
571,2015-11-30,13.2
572,2015-12-01,13.15
573,2015-12-02,13.05
574,2015-12-03,13.1
575,2015-12-04,13.1
576,2015-12-07,13.15
577,2015-12-08,13.1
578,2015-12-09,13.0
579,2015-12-10,13.05
580,2015-12-11,13.1
581,2015-12-14,13.2
582,2015-12-15,13.1
583,2015-12-16,13.2
584,2015-12-17,13.25
585,2015-12-18,13.3
586,2015-12-21,13.4
587,2015-12-22,13.35
588,2015-12-23,13.3
589,2015-12-24,13.3
590,2015-12-28,13.55
591,2015-12-29,13.55
592,2015-12-30,13.45
593,2015-12-31,13.6
594,2016-01-04,13.35
595,2016-01-05,13.1
596,2016-01-06,13.05
597,2016-01-07,13.05
598,2016-01-08,13.0
599,2016-01-11,12.7
600,2016-01-12,12.4
601,2016-01-13,12.5
602,2016-01-14,12.45
603,2016-01-15,12.45
604,2016-01-18,12.4
605,2016-01-19,12.35
606,2016-01-20,12.15
607,2016-01-21,12.0
608,2016-01-22,11.85
609,2016-01-25,11.55
610,2016-01-26,11.25
611,2016-01-27,11.5
612,2016-01-28,12.25
613,2016-01-29,12.4
614,2016-02-02,12.25
615,2016-02-03,12.25
616,2016-02-04,12.2
617,2016-02-05,12.2
618,2016-02-08,12.4
619,2016-02-09,12.7
620,2016-02-10,12.75
621,2016-02-11,12.85
622,2016-02-12,12.7
623,2016-02-15,12.65
624,2016-02-16,12.5
625,2016-02-17,12.65
626,2016-02-18,12.65
627,2016-02-19,12.65
628,2016-02-22,12.6
629,2016-02-23,12.65
630,2016-02-24,12.75
631,2016-02-25,12.95
632,2016-02-26,12.95
633,2016-02-29,12.9
634,2016-03-01,12.5
635,2016-03-02,12.15
636,2016-03-03,11.85
637,2016-03-04,12.15
638,2016-03-07,12.4
639,2016-03-08,12.2
640,2016-03-09,11.85
641,2016-03-10,11.7
642,2016-03-11,11.8
643,2016-03-14,11.7
644,2016-03-15,11.75
645,2016-03-16,11.7
646,2016-03-17,11.75
647,2016-03-18,11.7
648,2016-03-21,11.7
649,2016-03-22,11.9
650,2016-03-23,12.4
651,2016-03-24,12.35
652,2016-03-29,12.15
653,2016-03-30,12.1
654,2016-03-31,11.2
655,2016-04-01,10.95
656,2016-04-04,10.85
657,2016-04-05,10.9
658,2016-04-06,10.95
659,2016-04-07,10.8
660,2016-04-08,10.75
661,2016-04-11,10.5
662,2016-04-12,10.3
663,2016-04-13,10.25
664,2016-04-14,10.35
665,2016-04-15,10.5
666,2016-04-18,10.45
667,2016-04-19,10.25
668,2016-04-20,10.35
669,2016-04-21,10.45
670,2016-04-22,10.95
671,2016-04-25,10.95
672,2016-04-26,10.95
673,2016-04-27,10.9
674,2016-04-28,10.95
675,2016-04-29,10.95
676,2016-05-03,10.95
677,2016-05-04,10.9
678,2016-05-05,10.75
679,2016-05-06,10.6
680,2016-05-09,10.5
681,2016-05-10,10.45
682,2016-05-11,10.25
683,2016-05-12,10.3
684,2016-05-13,10.35
685,2016-05-16,10.3
686,2016-05-17,10.35
687,2016-05-18,10.35
688,2016-05-19,10.45
689,2016-05-20,10.35
690,2016-05-23,10.3
691,2016-05-24,10.15
692,2016-05-25,10.15
693,2016-05-26,10.1
694,2016-05-27,10.05
695,2016-05-30,10.1
696,2016-05-31,10.0
697,2016-06-02,9.95
698,2016-06-03,9.8
699,2016-06-06,9.85
700,2016-06-07,9.95
701,2016-06-08,10.0
702,2016-06-09,10.05
703,2016-06-10,10.1
704,2016-06-13,10.15
705,2016-06-14,10.1
706,2016-06-15,10.0
707,2016-06-16,9.95
708,2016-06-17,9.9
709,2016-06-20,9.8
710,2016-06-21,9.75
711,2016-06-22,9.8
712,2016-06-23,9.8
713,2016-06-24,9.85
714,2016-06-27,9.75
715,2016-06-28,9.55
716,2016-06-29,9.55
717,2016-06-30,9.6
718,2016-07-01,9.85
719,2016-07-04,9.9
720,2016-07-05,10.0
721,2016-07-06,10.0
722,2016-07-08,10.0
723,2016-07-11,10.05
724,2016-07-12,10.0
725,2016-07-13,10.0
726,2016-07-14,10.0
727,2016-07-15,10.05
728,2016-07-18,10.0
729,2016-07-19,9.95
730,2016-07-20,9.8
731,2016-07-21,9.95
732,2016-07-22,10.0
733,2016-07-25,10.0
734,2016-07-26,10.0
735,2016-07-27,9.95
736,2016-07-28,10.0
737,2016-07-29,10.05
738,2016-08-01,10.05
739,2016-08-02,10.0
740,2016-08-03,10.0
741,2016-08-04,9.95
742,2016-08-05,9.85
743,2016-08-08,9.85
744,2016-08-09,9.85
745,2016-08-10,9.85
746,2016-08-11,9.9
747,2016-08-12,9.9
748,2016-08-15,9.9
749,2016-08-16,9.9
750,2016-08-17,9.85
751,2016-08-18,9.9
752,2016-08-19,9.8
753,2016-08-22,9.85
754,2016-08-23,9.85
755,2016-08-24,9.7
756,2016-08-25,8.85
757,2016-08-26,8.55
758,2016-08-29,8.65
759,2016-08-30,9.2
760,2016-08-31,9.8
761,2016-09-01,9.65
762,2016-09-02,9.65
763,2016-09-05,9.55
764,2016-09-06,9.2
765,2016-09-07,9.0
766,2016-09-08,8.95
767,2016-09-09,8.75
768,2016-09-13,8.7
769,2016-09-14,8.75
770,2016-09-15,8.85
771,2016-09-16,8.7
772,2016-09-19,8.75
773,2016-09-20,8.65
774,2016-09-21,8.0
775,2016-09-22,8.1
776,2016-09-23,8.1
777,2016-09-26,8.05
778,2016-09-27,8.0
779,2016-09-28,7.85
780,2016-09-29,7.9
781,2016-09-30,8.15
782,2016-10-03,8.3
783,2016-10-04,8.5
784,2016-10-05,8.3
785,2016-10-06,8.15
786,2016-10-07,8.05
787,2016-10-10,8.05
788,2016-10-11,8.05
789,2016-10-12,8.1
790,2016-10-13,8.1
791,2016-10-14,8.15
792,2016-10-17,8.15
793,2016-10-18,8.05
794,2016-10-19,7.95
795,2016-10-21,7.95
796,2016-10-24,8.0
797,2016-10-25,8.0
798,2016-10-26,7.9
799,2016-10-27,8.05
800,2016-10-28,8.05
801,2016-10-31,8.1
802,2016-11-01,8.2
803,2016-11-02,8.3
804,2016-11-04,8.5
805,2016-11-07,8.6
806,2016-11-08,8.6
807,2016-11-09,8.5
808,2016-11-10,8.6
809,2016-11-11,8.6
810,2016-11-14,8.7
811,2016-11-15,8.85
812,2016-11-16,8.85
813,2016-11-17,8.9
814,2016-11-18,8.9
815,2016-11-21,8.95
816,2016-11-22,8.85
817,2016-11-23,8.85
818,2016-11-24,8.95
819,2016-11-25,8.95
820,2016-11-28,8.9
821,2016-11-29,9.0
822,2016-11-30,9.05
823,2016-12-01,9.0
824,2016-12-02,9.15
825,2016-12-05,9.2
826,2016-12-06,9.15
827,2016-12-07,9.1
828,2016-12-08,9.05
829,2016-12-09,9.05
830,2016-12-13,8.95
831,2016-12-14,8.95
832,2016-12-15,8.65
833,2016-12-16,8.5
834,2016-12-19,8.4
835,2016-12-20,8.2
836,2016-12-21,8.0
837,2016-12-22,8.0
838,2016-12-23,8.1
839,2016-12-28,8.45
840,2016-12-29,8.85
841,2016-12-30,9.1
842,2017-01-03,8.7
843,2017-01-04,8.9
844,2017-01-05,8.8
845,2017-01-06,8.75
846,2017-01-09,8.6
847,2017-01-10,8.5
848,2017-01-11,8.5
849,2017-01-12,8.3
850,2017-01-13,8.15
851,2017-01-16,8.0
852,2017-01-17,7.9
853,2017-01-18,7.9
854,2017-01-19,7.8
855,2017-01-20,7.75
856,2017-01-23,7.7
857,2017-01-24,7.5
858,2017-01-25,7.25
859,2017-01-26,7.15
860,2017-01-27,7.15
861,2017-01-30,7.15
862,2017-01-31,7.25
863,2017-02-01,7.4
864,2017-02-02,7.65
865,2017-02-03,7.9
866,2017-02-06,8.0
867,2017-02-07,8.05
868,2017-02-08,8.45
869,2017-02-09,8.8
870,2017-02-10,8.75
871,2017-02-13,8.6
872,2017-02-14,8.5
873,2017-02-15,8.15
874,2017-02-16,8.4
875,2017-02-17,8.3
876,2017-02-20,8.25
877,2017-02-21,8.3
878,2017-02-22,8.3
879,2017-02-23,8.65
880,2017-02-24,8.75
881,2017-02-27,8.75
882,2017-02-28,8.5
883,2017-03-01,8.5
884,2017-03-02,8.6
885,2017-03-03,8.75
886,2017-03-06,8.85
887,2017-03-07,8.95
888,2017-03-08,8.95
889,2017-03-09,9.0
890,2017-03-10,9.05
891,2017-03-13,9.0
892,2017-03-14,8.95
893,2017-03-15,8.8
894,2017-03-16,8.7
895,2017-03-17,8.75
896,2017-03-20,8.9
897,2017-03-21,8.9
898,2017-03-22,9.15
899,2017-03-23,9.15
900,2017-03-24,9.0
901,2017-03-27,9.05
902,2017-03-28,9.0
903,2017-03-29,8.95
904,2017-03-30,8.85
905,2017-03-31,7.95
906,2017-04-03,7.9
907,2017-04-04,7.85
908,2017-04-05,7.8
909,2017-04-06,7.95
910,2017-04-07,8.0
911,2017-04-10,7.9
912,2017-04-11,7.8
913,2017-04-12,7.8
914,2017-04-13,7.85
915,2017-04-18,7.65
916,2017-04-19,7.9
917,2017-04-20,8.0
918,2017-04-21,7.95
919,2017-04-24,8.0
920,2017-04-25,8.05
921,2017-04-26,8.0
922,2017-04-27,8.15
923,2017-04-28,8.2
924,2017-05-02,8.2
925,2017-05-03,8.15
926,2017-05-05,8.1
927,2017-05-08,8.0
928,2017-05-09,7.95
929,2017-05-10,7.95
930,2017-05-11,8.0
931,2017-05-12,8.0
932,2017-05-15,7.95
933,2017-05-16,7.9
934,2017-05-17,7.95
935,2017-05-18,7.95
936,2017-05-19,7.95
937,2017-05-22,7.95
938,2017-05-23,8.05
939,2017-05-24,8.25
940,2017-05-25,8.7
941,2017-05-26,8.6
942,2017-05-29,8.55
943,2017-05-30,8.75
944,2017-05-31,8.95
945,2017-06-02,9.0
946,2017-06-05,9.15
947,2017-06-06,9.5
948,2017-06-07,9.6
949,2017-06-08,9.5
950,2017-06-09,9.75
951,2017-06-12,9.6
952,2017-06-13,9.5
953,2017-06-14,9.5
954,2017-06-15,9.65
955,2017-06-16,9.6
956,2017-06-19,9.9
957,2017-06-20,9.95
958,2017-06-21,10.0
959,2017-06-22,10.0
960,2017-06-23,10.0
961,2017-06-28,9.85
962,2017-06-29,9.9
963,2017-06-30,9.95
964,2017-07-03,9.85
965,2017-07-04,9.85
966,2017-07-06,9.8
967,2017-07-07,9.55
968,2017-07-10,9.5
969,2017-07-11,9.55
970,2017-07-12,9.5
971,2017-07-13,9.5
972,2017-07-14,9.6
973,2017-07-17,9.6
974,2017-07-18,9.55
975,2017-07-19,9.6
976,2017-07-20,9.65
977,2017-07-21,9.65
978,2017-07-24,9.65
979,2017-07-25,9.75
980,2017-07-26,9.7
981,2017-07-27,9.75
982,2017-07-28,9.75
983,2017-07-31,9.8
984,2017-08-01,9.45
985,2017-08-02,9.55
986,2017-08-03,9.55
987,2017-08-04,9.55
988,2017-08-07,9.65
989,2017-08-09,9.95
990,2017-08-10,10.3
991,2017-08-11,10.6
992,2017-08-14,11.5
993,2017-08-15,11.6
994,2017-08-16,11.05
995,2017-08-17,10.75
996,2017-08-18,10.45
997,2017-08-21,10.35
998,2017-08-22,10.3
999,2017-08-23,10.4
1000,2017-08-24,10.55
1001,2017-08-25,10.6
1002,2017-08-28,10.8
1003,2017-08-29,10.6
1004,2017-08-30,10.55
1005,2017-08-31,10.65
1006,2017-09-01,10.25
1007,2017-09-04,10.25
1008,2017-09-05,10.4
1009,2017-09-06,10.35
1010,2017-09-07,10.35
1011,2017-09-08,10.35
1012,2017-09-11,10.3
1013,2017-09-12,10.3
1014,2017-09-13,10.45
1015,2017-09-14,10.35
1016,2017-09-15,10.4
1017,2017-09-18,10.4
1018,2017-09-19,10.4
1019,2017-09-20,10.45
1020,2017-09-21,10.45
1021,2017-09-22,10.4
1022,2017-09-25,10.35
1023,2017-09-26,10.3
1024,2017-09-27,10.25
1025,2017-09-28,10.1
1026,2017-09-29,10.1
1027,2017-10-02,10.1
1028,2017-10-03,10.1
1029,2017-10-04,10.25
1030,2017-10-05,10.15
1031,2017-10-06,10.15
1032,2017-10-09,10.1
1033,2017-10-10,9.95
1034,2017-10-11,9.6
1035,2017-10-12,9.7
1036,2017-10-13,9.5
1037,2017-10-16,9.45
1038,2017-10-17,9.05
1039,2017-10-18,9.15
1040,2017-10-19,9.0
1041,2017-10-23,9.0
1042,2017-10-24,9.0
1043,2017-10-27,9.15
1044,2017-10-30,9.4
1045,2017-10-31,9.95
1046,2017-11-01,9.95
1047,2017-11-02,10.05
1048,2017-11-03,10.15
1049,2017-11-06,10.15
1050,2017-11-07,10.15
1051,2017-11-08,10.1
1052,2017-11-09,10.0
1053,2017-11-10,9.95
1054,2017-11-13,9.95
1055,2017-11-14,9.95
1056,2017-11-15,9.95
1057,2017-11-16,9.9
1058,2017-11-17,9.8
1059,2017-11-20,9.8
1060,2017-11-21,9.95
1061,2017-11-22,9.95
1062,2017-11-23,9.95
1063,2017-11-24,9.9
1064,2017-11-27,9.95
1065,2017-11-29,9.9
1066,2017-11-30,9.85
1067,2017-12-01,9.85
1068,2017-12-04,9.9
1069,2017-12-05,9.9
1070,2017-12-06,9.85
1071,2017-12-07,9.9
1072,2017-12-08,9.8
1073,2017-12-11,9.9
1074,2017-12-13,9.85
1075,2017-12-14,9.85
1076,2017-12-15,9.8
1077,2017-12-18,9.8
1078,2017-12-19,9.75
1079,2017-12-20,9.7
1080,2017-12-21,9.75
1081,2017-12-22,9.75
1082,2017-12-27,9.7
1083,2017-12-28,9.65
1084,2017-12-29,9.6
1085,2018-01-02,9.6
1086,2018-01-03,9.55
1087,2018-01-04,9.55
1088,2018-01-05,9.55
1089,2018-01-08,9.6
1090,2018-01-09,9.65
1091,2018-01-10,9.75
1092,2018-01-11,9.75
1093,2018-01-12,9.75
1094,2018-01-15,9.75
1095,2018-01-16,9.75
1096,2018-01-17,9.8
1097,2018-01-18,9.95
1098,2018-01-19,10.8
1099,2018-01-22,10.9
1100,2018-01-23,10.65
1101,2018-01-24,10.15
1102,2018-01-25,10.35
1103,2018-01-26,10.5
1104,2018-01-29,10.5
1105,2018-01-30,10.5
1106,2018-01-31,10.6
1107,2018-02-01,10.75
1108,2018-02-02,10.7
1109,2018-02-05,10.65
1110,2018-02-06,10.45
1111,2018-02-07,10.5
1112,2018-02-08,10.55
1113,2018-02-09,10.6
1114,2018-02-12,10.65
1115,2018-02-13,10.6
1116,2018-02-14,10.65
1117,2018-02-15,10.65
1118,2018-02-16,10.6
1119,2018-02-19,10.65
1120,2018-02-20,10.65
1121,2018-02-21,10.75
1122,2018-02-22,10.85
1123,2018-02-23,10.85
1124,2018-02-26,10.85
1125,2018-02-27,10.95
1126,2018-02-28,11.0
1127,2018-03-01,11.25
1128,2018-03-02,11.1
1129,2018-03-05,11.05
1130,2018-03-06,11.1
1131,2018-03-07,11.2
1132,2018-03-08,11.2
1133,2018-03-09,11.1
1134,2018-03-12,11.2
1135,2018-03-13,11.45
1136,2018-03-14,11.65
1137,2018-03-15,11.95
1138,2018-03-16,11.95
1139,2018-03-19,12.2
1140,2018-03-20,12.3
1141,2018-03-21,12.65
1142,2018-03-22,12.65
1143,2018-03-23,12.6
1144,2018-03-26,12.65
1145,2018-03-27,12.6
1146,2018-03-28,12.55
1147,2018-03-29,12.55
1148,2018-04-03,12.75
1149,2018-04-04,12.8
1150,2018-04-05,12.95
1151,2018-04-06,12.95
1152,2018-04-09,12.95
1153,2018-04-10,12.95
1154,2018-04-11,12.9
1155,2018-04-12,12.95
1156,2018-04-13,13.0
1157,2018-04-16,13.35
1158,2018-04-17,13.3
1159,2018-04-18,13.2
1160,2018-04-19,13.0
1161,2018-04-20,12.95
1162,2018-04-23,12.8
1163,2018-04-24,12.7
1164,2018-04-25,13.1
1165,2018-04-26,13.35
1166,2018-04-27,13.35
1167,2018-04-30,13.25
1168,2018-05-02,12.05
1169,2018-05-03,12.0
1170,2018-05-04,12.0
1171,2018-05-07,11.95
1172,2018-05-08,11.75
1173,2018-05-09,11.7
1174,2018-05-10,11.7
1175,2018-05-11,11.7
1176,2018-05-14,11.7
1177,2018-05-15,11.7
1178,2018-05-16,11.65
1179,2018-05-17,11.7
1180,2018-05-18,11.75
1181,2018-05-21,11.7
1182,2018-05-22,11.75
1183,2018-05-23,11.7
1184,2018-05-24,11.75
1185,2018-05-25,11.75
1186,2018-05-28,11.75
1187,2018-05-29,11.75
1188,2018-05-30,11.75
1189,2018-05-31,11.8
1190,2018-06-04,11.85
1191,2018-06-05,11.8
1192,2018-06-06,11.8
1193,2018-06-07,11.85
1194,2018-06-08,11.85
1195,2018-06-11,11.8
1196,2018-06-12,11.8
1197,2018-06-13,11.85
1198,2018-06-14,11.85
1199,2018-06-18,11.85
1200,2018-06-19,11.9
1201,2018-06-20,11.9
1202,2018-06-21,11.9
1203,2018-06-22,11.9
1204,2018-06-25,11.9
1205,2018-06-26,11.9
1206,2018-06-27,11.9
1207,2018-06-28,11.85
1208,2018-06-29,11.4
1209,2018-07-02,11.7
1210,2018-07-03,11.5
1211,2018-07-04,11.45
1212,2018-07-05,11.4
1213,2018-07-06,11.35
1214,2018-07-09,11.4
1215,2018-07-10,11.45
1216,2018-07-11,11.45
1217,2018-07-12,11.5
1218,2018-07-13,11.45
1219,2018-07-16,11.45
1220,2018-07-17,11.45
1221,2018-07-18,11.5
1222,2018-07-19,11.45
1223,2018-07-20,11.5
1224,2018-07-23,11.5
1225,2018-07-24,11.5
1226,2018-07-25,11.5
1227,2018-07-26,11.55
1228,2018-07-27,11.55
1229,2018-07-30,11.5
1230,2018-07-31,11.55
1231,2018-08-01,11.6
1232,2018-08-02,11.6
1233,2018-08-03,11.7
1234,2018-08-06,11.7
1235,2018-08-07,11.75
1236,2018-08-08,11.95
1237,2018-08-09,12.0
1238,2018-08-10,12.1
1239,2018-08-13,12.35
1240,2018-08-14,12.55
1241,2018-08-15,12.25
1242,2018-08-16,12.15
1243,2018-08-17,12.0
1244,2018-08-20,12.05
1245,2018-08-22,11.75
1246,2018-08-23,11.75
1247,2018-08-24,11.75
1248,2018-08-27,11.6
1249,2018-08-28,11.65
1250,2018-08-29,11.65
1251,2018-08-30,11.5
1252,2018-08-31,11.1
1253,2018-09-03,11.05
1254,2018-09-04,11.1
1255,2018-09-05,11.15
1256,2018-09-06,11.0
1257,2018-09-07,11.0
1258,2018-09-10,10.8
1259,2018-09-11,10.55
1260,2018-09-12,10.25
1261,2018-09-13,10.15
1262,2018-09-14,10.15
1263,2018-09-17,10.15
1264,2018-09-18,10.2
1265,2018-09-19,10.15
1266,2018-09-20,10.1
1267,2018-09-21,10.15
1268,2018-09-24,10.2
1269,2018-09-25,10.4
1270,2018-09-26,10.55
1271,2018-09-27,10.55
1272,2018-09-28,10.6
1273,2018-10-01,10.65
1274,2018-10-02,10.55
1275,2018-10-03,10.6
1276,2018-10-04,10.6
1277,2018-10-05,10.65
1278,2018-10-08,10.6
1279,2018-10-09,10.5
1280,2018-10-11,10.0
1281,2018-10-12,10.35
1282,2018-10-15,10.35
1283,2018-10-16,10.45
1284,2018-10-17,10.5
1285,2018-10-18,10.45
1286,2018-10-19,10.45
1287,2018-10-22,10.45
1288,2018-10-23,10.5
1289,2018-10-24,10.3
1290,2018-10-25,10.25
1291,2018-10-26,10.4
1292,2018-10-29,10.55
1293,2018-10-30,10.7
1294,2018-10-31,10.65
1295,2018-11-01,10.65
1296,2018-11-02,10.95
1297,2018-11-05,10.8
1298,2018-11-06,11.25
1299,2018-11-07,11.15
1300,2018-11-08,11.15
1301,2018-11-09,11.2
1302,2018-11-12,11.35
1303,2018-11-13,11.45
1304,2018-11-14,11.5
1305,2018-11-15,11.55
1306,2018-11-16,11.55
1307,2018-11-19,11.5
1308,2018-11-20,11.5
1309,2018-11-21,11.45
1310,2018-11-22,11.2
1311,2018-11-23,10.95
1312,2018-11-26,10.7
1313,2018-11-27,10.7
1314,2018-11-28,10.65
1315,2018-11-29,10.7
1316,2018-11-30,10.75
1317,2018-12-03,10.7
1318,2018-12-04,10.7
1319,2018-12-05,10.7
1320,2018-12-06,10.75
1321,2018-12-07,10.75
1322,2018-12-10,10.75
1323,2018-12-11,10.7
1324,2018-12-13,10.75
1325,2018-12-14,10.8
1326,2018-12-17,10.95
1327,2018-12-18,10.95
1328,2018-12-19,10.95
1329,2018-12-20,10.95
1330,2018-12-21,11.1
1331,2018-12-24,11.05
1332,2018-12-27,11.05
1333,2018-12-28,10.9
1334,2018-12-31,10.95
1335,2019-01-02,10.85
1336,2019-01-03,10.9
1337,2019-01-04,10.9
1338,2019-01-07,10.9
1339,2019-01-08,11.0
1340,2019-01-09,11.0
1341,2019-01-10,11.1
1342,2019-01-11,11.1
1343,2019-01-14,11.05
1344,2019-01-15,11.2
1345,2019-01-16,11.35
1346,2019-01-17,11.5
1347,2019-01-18,11.65
1348,2019-01-21,11.55
1349,2019-01-22,11.5
1350,2019-01-23,11.45
1351,2019-01-24,11.45
1352,2019-01-25,11.35
1353,2019-01-28,11.5
1354,2019-01-29,11.55
1355,2019-01-30,11.5
1356,2019-01-31,11.5
1357,2019-02-01,11.45
1358,2019-02-04,11.45
1359,2019-02-05,11.5
1360,2019-02-06,11.6
1361,2019-02-07,11.95
1362,2019-02-08,12.25
1363,2019-02-11,12.2
1364,2019-02-12,12.0
1365,2019-02-13,11.9
1366,2019-02-14,11.85
1367,2019-02-15,11.8
1368,2019-02-18,11.5
1369,2019-02-19,11.45
1370,2019-02-20,11.7
1371,2019-02-21,11.6
1372,2019-02-22,11.5
1373,2019-02-25,11.55
1374,2019-02-26,11.6
1375,2019-02-27,11.35
1376,2019-02-28,11.1
1377,2019-03-01,11.3
1378,2019-03-04,11.3
1379,2019-03-05,11.4
1380,2019-03-06,11.75
1381,2019-03-07,11.75
1382,2019-03-08,11.6
1383,2019-03-11,11.7
1384,2019-03-12,11.8
1385,2019-03-13,11.8
1386,2019-03-14,11.85
1387,2019-03-15,11.85
1388,2019-03-18,11.9
1389,2019-03-19,11.9
1390,2019-03-20,11.9
1391,2019-03-21,11.9
1392,2019-03-22,11.95
1393,2019-03-25,11.85
1394,2019-03-26,11.85
1395,2019-03-27,11.85
1396,2019-03-28,11.75
1397,2019-03-29,11.8
1398,2019-04-01,11.8
1399,2019-04-02,11.9
1400,2019-04-03,11.85
1401,2019-04-04,11.9
1402,2019-04-05,11.95
1403,2019-04-08,12.0
1404,2019-04-09,12.0
1405,2019-04-10,12.1
1406,2019-04-11,12.05
1407,2019-04-12,12.05
1408,2019-04-15,12.0
1409,2019-04-16,12.0
1410,2019-04-17,12.0
1411,2019-04-18,11.95
1412,2019-04-23,11.9
1413,2019-04-24,12.0
1414,2019-04-25,11.9
1415,2019-04-26,11.95
1416,2019-04-29,11.9
1417,2019-04-30,12.0
1418,2019-05-02,10.5
1419,2019-05-03,10.55
1420,2019-05-06,10.55
1421,2019-05-07,10.7
1422,2019-05-08,10.7
1423,2019-05-09,10.75
1424,2019-05-10,10.65
1425,2019-05-13,10.65
1426,2019-05-14,10.65
1427,2019-05-15,10.6
1428,2019-05-16,10.55
1429,2019-05-17,10.5
1430,2019-05-20,10.45
1431,2019-05-21,10.15
1432,2019-05-22,10.45
1433,2019-05-23,10.3
1434,2019-05-24,10.35
1435,2019-05-27,10.4
1436,2019-05-28,10.4
1437,2019-05-29,10.4
1438,2019-05-30,10.3
1439,2019-05-31,10.25
1440,2019-06-03,10.3
1441,2019-06-04,10.35
1442,2019-06-06,10.4
1443,2019-06-07,10.4
1444,2019-06-10,10.3
1445,2019-06-11,10.4
1446,2019-06-12,10.3
1447,2019-06-13,10.25
1448,2019-06-14,10.35
1449,2019-06-17,10.3
1450,2019-06-18,10.35
1451,2019-06-19,10.4
1452,2019-06-20,10.4
1453,2019-06-21,10.4
1454,2019-06-24,10.35
1455,2019-06-25,10.4
1456,2019-06-26,10.35
1457,2019-06-27,10.4
1458,2019-06-28,10.45
1459,2019-07-01,10.4
1460,2019-07-02,10.35
1461,2019-07-03,10.35
1462,2019-07-04,10.2
1463,2019-07-05,10.3
1464,2019-07-08,10.25
1465,2019-07-09,10.25
1466,2019-07-10,10.3
1467,2019-07-11,10.35
1468,2019-07-12,10.3
1469,2019-07-15,10.25
1470,2019-07-16,10.3
1471,2019-07-17,10.35
1472,2019-07-18,10.3
1473,2019-07-19,10.3
1474,2019-07-22,10.3
1475,2019-07-23,10.3
1476,2019-07-24,10.35
1477,2019-07-25,10.4
1478,2019-07-26,10.45
1479,2019-07-29,10.5
1480,2019-07-30,10.55
1481,2019-07-31,10.65
1482,2019-08-01,10.6
1483,2019-08-02,10.7
1484,2019-08-05,10.7
1485,2019-08-06,10.65
1486,2019-08-07,10.65
1487,2019-08-08,10.75
1488,2019-08-09,10.65
1489,2019-08-13,10.65
1490,2019-08-14,10.6
1491,2019-08-15,10.75
1492,2019-08-16,10.75
1493,2019-08-19,10.75
1494,2019-08-20,10.65
1495,2019-08-21,10.65
1496,2019-08-22,10.65
1497,2019-08-23,10.65
1498,2019-08-26,10.8
1499,2019-08-27,10.9
1500,2019-08-28,11.0
1501,2019-08-29,11.05
1502,2019-08-30,11.0
1503,2019-09-02,10.95
1504,2019-09-03,10.85
1505,2019-09-04,11.0
1506,2019-09-05,11.0
1507,2019-09-06,10.95
1508,2019-09-09,10.8
1509,2019-09-10,10.8
1510,2019-09-11,10.9
1511,2019-09-12,10.7
1512,2019-09-13,10.75
1513,2019-09-16,10.85
1514,2019-09-17,10.85
1515,2019-09-18,10.85
1516,2019-09-19,10.9
1517,2019-09-20,10.9
1518,2019-09-23,10.85
1519,2019-09-24,10.85
1520,2019-09-25,10.9
1521,2019-09-26,10.85
1522,2019-09-27,10.95
1523,2019-09-30,11.0
1524,2019-10-01,11.1
1525,2019-10-02,11.1
1526,2019-10-03,11.05
1527,2019-10-04,11.2
1528,2019-10-07,11.0
1529,2019-10-08,11.1
1530,2019-10-09,11.05
1531,2019-10-11,11.05
1532,2019-10-14,11.15
1533,2019-10-15,11.05
1534,2019-10-16,11.05
1535,2019-10-17,11.15
1536,2019-10-18,11.35
1537,2019-10-22,11.4
1538,2019-10-23,11.5
1539,2019-10-24,11.5
1540,2019-10-25,11.5
1541,2019-10-28,11.55
1542,2019-10-29,11.8
1543,2019-10-30,12.6
1544,2019-10-31,13.3
1545,2019-11-01,13.5
1546,2019-11-04,13.0
1547,2019-11-05,13.05
1548,2019-11-06,13.35
1549,2019-11-07,13.05
1550,2019-11-08,12.7
1551,2019-11-11,12.55
1552,2019-11-12,12.35
1553,2019-11-13,12.1
1554,2019-11-14,11.8
1555,2019-11-15,11.85
1556,2019-11-18,11.95
1557,2019-11-19,11.85
1558,2019-11-20,11.85
1559,2019-11-21,11.9
1560,2019-11-22,12.0
1561,2019-11-25,12.0
1562,2019-11-26,12.0
1563,2019-11-27,12.1
1564,2019-11-28,12.25
1565,2019-11-29,12.45
1566,2019-12-02,12.9
1567,2019-12-03,12.95
1568,2019-12-04,12.7
1569,2019-12-05,12.75
1570,2019-12-06,12.65
1571,2019-12-09,12.8
1572,2019-12-10,12.8
1573,2019-12-11,13.0
1574,2019-12-13,13.0
1575,2019-12-16,13.0
1576,2019-12-17,13.0
1577,2019-12-18,13.05
1578,2019-12-19,13.05
1579,2019-12-20,13.1
1580,2019-12-23,13.1
1581,2019-12-24,13.2
1582,2019-12-27,13.3
1583,2019-12-30,13.3
1584,2019-12-31,13.35
1585,2020-01-02,13.35
1586,2020-01-03,13.35
1587,2020-01-06,13.45
1588,2020-01-07,13.3
1589,2020-01-08,13.2
1590,2020-01-09,13.25
1591,2020-01-10,13.3
1592,2020-01-13,13.5
1593,2020-01-14,13.5
1594,2020-01-15,13.6
1595,2020-01-16,13.45
1596,2020-01-17,13.5
1597,2020-01-20,13.4
1598,2020-01-21,13.5
1599,2020-01-22,13.2
1600,2020-01-23,13.1
1601,2020-01-24,13.1
1602,2020-01-27,13.05
1603,2020-01-28,13.0
1604,2020-01-29,13.0
1605,2020-01-30,13.0
1606,2020-01-31,13.05
1607,2020-02-03,13.2
1608,2020-02-04,13.15
1609,2020-02-05,13.2
1610,2020-02-06,13.35
1611,2020-02-07,13.35
1612,2020-02-10,13.35
1613,2020-02-12,13.3
1614,2020-02-13,13.3
1615,2020-02-14,13.2
1616,2020-02-17,13.3
1617,2020-02-18,13.25
1618,2020-02-19,13.15
1619,2020-02-20,13.15
1620,2020-02-21,12.95
1621,2020-02-24,13.15
1622,2020-02-25,13.0
1623,2020-02-26,13.0
1624,2020-02-27,13.1
1625,2020-02-28,12.95
1626,2020-03-02,12.95
1627,2020-03-03,13.0
1628,2020-03-04,13.1
1629,2020-03-05,13.3
1630,2020-03-06,13.3
1631,2020-03-09,13.1
1632,2020-03-10,12.8
1633,2020-03-11,12.8
1634,2020-03-12,12.45
1635,2020-03-13,11.6
1636,2020-03-16,11.35
1637,2020-03-17,11.4
1638,2020-03-18,11.1
1639,2020-03-19,11.0
1640,2020-03-20,11.0
1641,2020-03-23,10.2
1642,2020-03-24,9.74
1643,2020-03-25,9.44
1644,2020-03-26,9.9
1645,2020-03-27,9.82
1646,2020-03-30,10.15
1647,2020-03-31,10.1
1648,2020-04-01,9.98
1649,2020-04-02,10.0
1650,2020-04-03,9.9
1651,2020-04-06,9.92
1652,2020-04-07,9.9
1653,2020-04-08,9.9
1654,2020-04-09,9.86
1655,2020-04-14,10.35
1656,2020-04-15,10.2
1657,2020-04-16,10.25
1658,2020-04-17,10.25
1659,2020-04-20,10.05
1660,2020-04-21,10.25
1661,2020-04-22,10.35
1662,2020-04-23,10.7
1663,2020-04-24,10.6
1664,2020-04-27,10.55
1665,2020-04-28,10.6
1666,2020-04-29,10.55
1667,2020-04-30,10.6
1668,2020-05-04,10.6
1669,2020-05-05,10.85
1670,2020-05-06,11.15
1671,2020-05-07,10.95
1672,2020-05-08,11.0
1673,2020-05-11,10.85
1674,2020-05-12,10.65
1675,2020-05-13,10.7
1676,2020-05-14,10.5
1677,2020-05-15,10.5
1678,2020-05-18,10.5
1679,2020-05-19,10.5
1680,2020-05-20,10.45
1681,2020-05-21,10.3
1682,2020-05-22,10.35
1683,2020-05-26,10.5
1684,2020-05-27,10.35
1685,2020-05-28,10.75
1686,2020-05-29,10.8
1687,2020-06-02,10.8
1688,2020-06-03,10.8
1689,2020-06-04,10.1
1690,2020-06-05,10.05
1691,2020-06-08,9.98
1692,2020-06-09,9.94
1693,2020-06-10,9.92
1694,2020-06-11,9.9
1695,2020-06-12,9.92
1696,2020-06-15,9.9
1697,2020-06-16,9.86
1698,2020-06-17,9.88
1699,2020-06-18,9.86
1700,2020-06-19,9.86
1701,2020-06-22,9.94
1702,2020-06-23,10.0
1703,2020-06-24,10.0
1704,2020-06-25,10.1
1705,2020-06-26,10.1
1706,2020-06-29,10.1
1707,2020-06-30,10.0
1708,2020-07-01,10.0
1709,2020-07-02,10.0
1710,2020-07-03,10.05
1711,2020-07-06,9.98
1712,2020-07-07,9.94
1713,2020-07-08,9.72
1714,2020-07-09,9.42
1715,2020-07-10,9.5
1716,2020-07-13,9.2
1717,2020-07-14,9.22
1718,2020-07-15,9.18
1719,2020-07-16,9.12
1720,2020-07-17,9.18
1721,2020-07-20,9.18
1722,2020-07-21,9.02
1723,2020-07-22,9.02
1724,2020-07-23,9.0
1725,2020-07-24,9.06
1726,2020-07-27,9.02
1727,2020-07-28,9.36
1728,2020-07-29,9.34
1729,2020-07-30,9.02
1730,2020-08-03,8.98
1731,2020-08-04,9.02
1732,2020-08-05,9.0
1733,2020-08-06,8.64
1734,2020-08-07,8.62
1735,2020-08-10,9.0
1736,2020-08-11,8.62
1737,2020-08-12,9.06
1738,2020-08-13,9.06
1739,2020-08-14,9.06
1740,2020-08-17,9.2
1741,2020-08-18,9.34
1742,2020-08-19,9.54
1743,2020-08-20,9.64
1744,2020-08-21,9.78
1745,2020-08-24,9.9
1746,2020-08-25,9.8
1747,2020-08-26,9.9
1748,2020-08-27,9.82
1749,2020-08-28,9.54
1750,2020-08-31,9.98
1751,2020-09-01,9.96
1752,2020-09-02,9.92
1753,2020-09-03,9.62
1754,2020-09-04,9.7
1755,2020-09-07,9.66
1756,2020-09-08,9.84
1757,2020-09-09,9.6
1758,2020-09-10,9.6
1759,2020-09-11,9.74
1760,2020-09-14,9.84
1761,2020-09-15,9.9
1762,2020-09-16,9.92
1763,2020-09-17,9.9
1764,2020-09-18,9.84
1765,2020-09-21,9.84
1766,2020-09-22,9.84
1767,2020-09-23,9.88
1768,2020-09-24,9.9
1769,2020-09-25,10.0
1770,2020-09-28,9.82
1771,2020-09-29,9.9
1772,2020-09-30,9.82
1773,2020-10-01,9.82
1774,2020-10-02,9.8
1775,2020-10-05,9.54
1776,2020-10-06,9.56
1777,2020-10-07,9.5
1778,2020-10-08,9.44
1779,2020-10-09,9.4
1780,2020-10-12,9.5
1781,2020-10-13,9.48
1782,2020-10-14,9.62
1783,2020-10-15,9.66
1784,2020-10-16,9.62
1785,2020-10-19,9.5
1786,2020-10-21,9.5
1787,2020-10-22,9.46
1788,2020-10-23,9.5
1789,2020-10-26,9.4
1790,2020-10-27,9.4
1791,2020-10-28,9.4
1792,2020-10-29,9.42
1793,2020-10-30,9.44
1794,2020-11-02,9.28
1795,2020-11-03,9.22
1796,2020-11-04,9.24
1797,2020-11-05,9.38
1798,2020-11-06,9.5
1799,2020-11-09,9.56
1800,2020-11-10,9.6
1801,2020-11-11,9.76
1802,2020-11-12,9.86
1803,2020-11-13,9.9
1804,2020-11-16,9.78
1805,2020-11-17,10.0
1806,2020-11-18,10.0
1807,2020-11-19,9.76
1808,2020-11-20,9.58
1809,2020-11-23,9.54
1810,2020-11-24,9.4
1811,2020-11-25,9.4
1812,2020-11-26,9.34
1813,2020-11-27,9.54
1814,2020-11-30,9.54
1815,2020-12-01,9.78
1816,2020-12-02,9.36
1817,2020-12-03,9.7
1818,2020-12-04,9.76
1819,2020-12-07,9.78
1820,2020-12-08,9.78
1821,2020-12-09,9.7
1822,2020-12-10,9.72
1823,2020-12-11,9.56
1824,2020-12-14,9.34
1825,2020-12-15,9.34
1826,2020-12-16,9.28
1827,2020-12-17,9.2
1828,2020-12-18,9.16
1829,2020-12-21,9.2
1830,2020-12-22,9.2
1831,2020-12-23,9.24
1832,2020-12-24,9.62
1833,2020-12-28,9.42
1834,2020-12-29,9.5
1835,2020-12-30,9.48
1836,2020-12-31,9.66
1837,2021-01-04,9.52
1838,2021-01-05,9.44
1839,2021-01-06,9.44
1840,2021-01-07,9.4
1841,2021-01-08,9.48
1842,2021-01-11,9.46
1843,2021-01-12,9.5
1844,2021-01-13,9.42
1845,2021-01-14,9.4
1846,2021-01-15,9.5
1847,2021-01-18,9.5
1848,2021-01-19,9.5
1849,2021-01-20,9.5
1850,2021-01-21,9.48
1851,2021-01-22,9.46
1852,2021-01-25,9.36
1853,2021-01-26,9.34
1854,2021-01-27,9.1
1855,2021-01-28,9.14
1856,2021-01-29,9.32
1857,2021-02-01,9.04
1858,2021-02-02,8.9
1859,2021-02-03,9.18
1860,2021-02-04,9.1
1861,2021-02-05,9.26
1862,2021-02-08,9.18
1863,2021-02-09,9.3
1864,2021-02-10,9.36
1865,2021-02-11,9.4
1866,2021-02-12,9.6
1867,2021-02-15,9.6
1868,2021-02-16,9.54
1869,2021-02-17,9.58
1870,2021-02-18,9.6
1871,2021-02-19,9.62
1872,2021-02-22,9.72
1873,2021-02-23,9.78
1874,2021-02-24,9.84
1875,2021-02-25,9.74
1876,2021-02-26,9.72
1877,2021-03-01,9.64
1878,2021-03-02,9.56
1879,2021-03-03,9.56
1880,2021-03-04,9.54
1881,2021-03-05,9.6
1882,2021-03-08,9.58
1883,2021-03-09,9.5
1884,2021-03-10,9.44
1885,2021-03-11,9.4
1886,2021-03-12,9.42
1887,2021-03-15,9.36
1888,2021-03-16,9.32
1889,2021-03-17,9.34
1890,2021-03-18,9.38
1891,2021-03-19,9.44
1892,2021-03-22,9.38
1893,2021-03-23,9.44
1894,2021-03-24,9.0
1895,2021-03-25,8.94
1896,2021-03-26,8.86
1897,2021-03-29,8.64
1898,2021-03-30,8.66
1899,2021-03-31,8.82
1900,2021-04-01,8.8
1901,2021-04-06,8.82
1902,2021-04-07,8.84
1903,2021-04-08,8.86
1904,2021-04-09,8.86
1905,2021-04-12,8.88
1906,2021-04-13,8.86
1907,2021-04-14,8.76
1908,2021-04-15,8.84
1909,2021-04-16,8.8
1910,2021-04-19,8.78
1911,2021-04-20,8.8
1912,2021-04-21,8.7
1913,2021-04-22,8.62
1914,2021-04-23,8.72
1915,2021-04-26,8.68
1916,2021-04-27,8.64
1917,2021-04-28,8.68
1918,2021-04-29,8.74
1919,2021-04-30,8.78
1920,2021-05-03,8.8
1921,2021-05-04,8.7
1922,2021-05-05,8.66
1923,2021-05-06,8.8
1924,2021-05-07,8.76
1925,2021-05-10,8.78
1926,2021-05-11,8.78
1927,2021-05-12,8.78
1928,2021-05-13,8.8
1929,2021-05-17,8.88
1930,2021-05-18,8.84
1931,2021-05-19,8.92
1932,2021-05-20,9.02
1933,2021-05-21,9.1
1934,2021-05-24,9.1
1935,2021-05-25,9.22
1936,2021-05-26,9.22
1937,2021-05-27,9.54
1938,2021-05-28,9.52
1939,2021-05-31,9.48
1940,2021-06-02,9.54
1941,2021-06-03,9.5
1942,2021-06-04,9.78
1943,2021-06-07,9.86
1944,2021-06-08,9.94
1945,2021-06-09,10.0
1946,2021-06-10,10.1
1947,2021-06-11,10.1
1948,2021-06-14,10.25
1949,2021-06-15,10.1
1950,2021-06-16,10.05
1951,2021-06-17,10.1
1952,2021-06-18,10.1
1953,2021-06-21,10.2
1954,2021-06-22,10.15
1955,2021-06-23,10.1
1956,2021-06-24,9.88
1957,2021-06-25,9.92
1958,2021-06-28,10.0
1959,2021-06-29,10.0
1960,2021-06-30,9.92
1961,2021-07-01,9.6
1962,2021-07-02,9.4
1963,2021-07-05,9.42
1964,2021-07-06,9.68
1965,2021-07-07,10.0
1966,2021-07-08,10.0
1967,2021-07-09,10.05
1968,2021-07-12,10.1
1969,2021-07-13,10.0
1970,2021-07-14,9.94
1971,2021-07-15,10.0
1972,2021-07-16,10.0
1973,2021-07-19,10.0
1974,2021-07-21,9.98
1975,2021-07-22,9.88
1976,2021-07-23,9.86
1977,2021-07-26,9.66
1978,2021-07-27,9.74
1979,2021-07-28,9.88
1980,2021-07-29,9.94
1981,2021-07-30,9.94
1982,2021-08-02,9.92
1983,2021-08-03,9.82
1984,2021-08-04,9.76
1985,2021-08-05,9.82
1986,2021-08-06,9.8
1987,2021-08-09,9.8
1988,2021-08-10,9.8
1989,2021-08-11,9.92
1990,2021-08-12,9.76
1991,2021-08-13,9.78
1992,2021-08-16,9.8
1993,2021-08-17,10.0
1994,2021-08-18,10.15
1995,2021-08-19,10.25
1996,2021-08-20,10.15
1997,2021-08-23,10.3
1998,2021-08-24,10.55
1999,2021-08-25,10.55
2000,2021-08-26,10.95
2001,2021-08-27,11.0
2002,2021-08-30,11.0
2003,2021-08-31,10.95
2004,2021-09-01,10.9
2005,2021-09-02,10.5
2006,2021-09-03,10.55
2007,2021-09-06,10.4
2008,2021-09-07,10.3
2009,2021-09-08,10.3
2010,2021-09-09,10.3
2011,2021-09-10,10.4
2012,2021-09-13,10.45
2013,2021-09-14,10.6
2014,2021-09-15,10.6
2015,2021-09-16,10.45
2016,2021-09-17,10.35
2017,2021-09-20,10.35
2018,2021-09-21,10.5
2019,2021-09-22,10.5
2020,2021-09-23,10.6
2021,2021-09-24,10.55
2022,2021-09-27,10.6
2023,2021-09-28,10.55
2024,2021-09-29,10.55
2025,2021-09-30,10.55
2026,2021-10-01,10.5
2027,2021-10-04,10.4
2028,2021-10-05,10.25
2029,2021-10-06,10.3
2030,2021-10-07,10.25
2031,2021-10-08,10.25
2032,2021-10-12,10.15
2033,2021-10-13,10.1
2034,2021-10-14,10.25
2035,2021-10-15,10.15
2036,2021-10-18,10.1
2037,2021-10-19,10.2
2038,2021-10-21,10.05
2039,2021-10-22,10.05
2040,2021-10-25,10.1
2041,2021-10-26,10.1
2042,2021-10-27,10.15
2043,2021-10-28,10.2
2044,2021-10-29,10.2
2045,2021-11-01,10.1
2046,2021-11-02,10.1
2047,2021-11-03,10.15
2048,2021-11-04,10.3
2049,2021-11-05,10.25
2050,2021-11-08,10.25
2051,2021-11-09,10.4
2052,2021-11-10,10.3
2053,2021-11-11,10.3
2054,2021-11-12,10.2
2055,2021-11-15,10.4
2056,2021-11-16,10.35
2057,2021-11-17,10.35
2058,2021-11-18,10.45
2059,2021-11-19,10.5
2060,2021-11-22,10.45
2061,2021-11-23,10.75
2062,2021-11-24,10.9
2063,2021-11-25,10.9
2064,2021-11-26,10.95
2065,2021-11-29,11.25
2066,2021-11-30,11.05
2067,2021-12-01,10.9
2068,2021-12-02,10.8
2069,2021-12-03,11.05
2070,2021-12-06,10.8
2071,2021-12-07,10.85
2072,2021-12-08,10.95
2073,2021-12-09,10.95
2074,2021-12-10,11.05
2075,2021-12-14,11.2
2076,2021-12-15,11.05
2077,2021-12-16,11.0
2078,2021-12-17,11.2
2079,2021-12-20,11.1
2080,2021-12-21,11.2
2081,2021-12-22,11.2
2082,2021-12-23,11.3
2083,2021-12-24,11.55
2084,2021-12-28,11.6
2085,2021-12-29,11.8
2086,2021-12-30,11.7
2087,2021-12-31,11.85
2088,2022-01-03,11.75
2089,2022-01-04,11.8
2090,2022-01-05,11.75
2091,2022-01-06,11.8
2092,2022-01-07,11.8
2093,2022-01-10,11.9
2094,2022-01-11,11.9
2095,2022-01-12,12.0
2096,2022-01-13,11.8
2097,2022-01-14,11.85
2098,2022-01-17,11.85
2099,2022-01-18,11.9
2100,2022-01-19,11.95
2101,2022-01-20,11.8
2102,2022-01-21,11.8
2103,2022-01-24,11.8
2104,2022-01-25,11.8
2105,2022-01-26,11.8
2106,2022-01-27,11.8
2107,2022-01-28,11.75
2108,2022-01-31,11.85
2109,2022-02-01,11.8
2110,2022-02-02,11.85
2111,2022-02-03,11.8
2112,2022-02-04,11.9
2113,2022-02-07,11.4
2114,2022-02-08,11.4
2115,2022-02-09,11.55
2116,2022-02-10,11.6
2117,2022-02-11,11.65
2118,2022-02-14,11.75
2119,2022-02-15,11.7
2120,2022-02-16,11.7
2121,2022-02-17,11.75
2122,2022-02-18,12.0
2123,2022-02-21,12.0
2124,2022-02-22,11.9
2125,2022-02-23,12.2
2126,2022-02-24,12.1
2127,2022-02-25,12.0
2128,2022-02-28,11.9
2129,2022-03-01,11.9
2130,2022-03-02,12.0
2131,2022-03-03,12.0
2132,2022-03-04,11.95
2133,2022-03-07,11.85
2134,2022-03-08,12.2
2135,2022-03-09,12.1
2136,2022-03-10,12.15
2137,2022-03-11,12.1
2138,2022-03-14,12.15
2139,2022-03-15,12.25
2140,2022-03-16,12.2
2141,2022-03-17,12.3
2142,2022-03-18,12.4
2143,2022-03-21,12.55
2144,2022-03-22,12.4
2145,2022-03-23,12.35
2146,2022-03-24,12.35
2147,2022-03-25,12.35
2148,2022-03-28,12.5
2149,2022-03-29,12.5
2150,2022-03-30,12.35
2151,2022-03-31,12.45
2152,2022-04-01,12.1
2153,2022-04-04,12.35
2154,2022-04-05,12.3
2155,2022-04-06,12.25
2156,2022-04-07,12.35
2157,2022-04-08,12.25
2158,2022-04-11,12.25
2159,2022-04-12,12.3
2160,2022-04-13,12.35
2161,2022-04-14,12.4
2162,2022-04-19,12.55
2163,2022-04-20,12.55
2164,2022-04-21,12.7
2165,2022-04-22,12.6
2166,2022-04-25,12.6
2167,2022-04-26,11.75
2168,2022-04-27,10.75
2169,2022-04-28,9.98
2170,2022-05-04,9.98
2171,2022-05-05,9.98
2172,2022-05-06,9.94
2173,2022-05-09,10.0
2174,2022-05-10,9.86
2175,2022-05-11,9.96
2176,2022-05-12,9.94
2177,2022-05-13,9.7
2178,2022-05-16,9.86
2179,2022-05-17,9.8
2180,2022-05-18,9.78
2181,2022-05-19,9.74
2182,2022-05-20,9.76
2183,2022-05-23,9.82
2184,2022-05-24,9.9
2185,2022-05-25,9.96
2186,2022-05-26,10.1
2187,2022-05-27,10.05
2188,2022-05-30,10.2
2189,2022-05-31,10.25
2190,2022-06-02,10.3
2191,2022-06-03,10.5
2192,2022-06-06,10.65
2193,2022-06-07,10.95
2194,2022-06-08,11.0
2195,2022-06-09,11.45
2196,2022-06-10,11.5
2197,2022-06-13,11.45
2198,2022-06-14,10.9
2199,2022-06-15,10.9
2200,2022-06-16,10.85
2201,2022-06-17,10.8
2202,2022-06-20,10.75
2203,2022-06-21,10.75
2204,2022-06-22,10.6
2205,2022-06-23,10.3
2206,2022-06-24,10.2
2207,2022-06-27,10.25
2208,2022-06-28,10.25
2209,2022-06-29,10.5
2210,2022-06-30,10.45
2211,2022-07-01,10.6
2212,2022-07-04,10.6
2213,2022-07-05,10.7
2214,2022-07-06,10.9
2215,2022-07-07,10.9
2216,2022-07-08,11.2
2217,2022-07-12,11.45
2218,2022-07-13,11.45
2219,2022-07-14,11.25
2220,2022-07-15,10.85
2221,2022-07-18,10.65
2222,2022-07-19,10.55
2223,2022-07-20,10.55
2224,2022-07-21,10.5
2225,2022-07-22,10.45
2226,2022-07-25,10.7
2227,2022-07-26,10.5
2228,2022-07-27,10.65
2229,2022-07-28,10.95
2230,2022-07-29,11.05
2231,2022-08-01,11.25
2232,2022-08-02,11.15
2233,2022-08-03,11.2
2234,2022-08-04,11.35
2235,2022-08-05,11.4
2236,2022-08-08,11.6
2237,2022-08-10,11.75
2238,2022-08-11,12.0
2239,2022-08-12,12.0
2240,2022-08-15,12.1
2241,2022-08-16,12.25
2242,2022-08-17,12.3
2243,2022-08-18,12.3
2244,2022-08-19,12.35
2245,2022-08-22,12.2
2246,2022-08-23,12.0
2247,2022-08-24,11.6
2248,2022-08-25,11.8
2249,2022-08-26,11.7
2250,2022-08-29,11.65
2251,2022-08-30,11.85
2252,2022-08-31,11.85
2253,2022-09-01,12.0
2254,2022-09-02,12.0
2255,2022-09-05,12.0
2256,2022-09-06,12.0
2257,2022-09-07,12.0
2258,2022-09-08,11.95
2259,2022-09-09,11.95
2260,2022-09-12,11.95
2261,2022-09-14,11.7
2262,2022-09-15,11.35
2263,2022-09-16,11.6
2264,2022-09-19,11.7
2265,2022-09-20,11.6
2266,2022-09-21,11.55
2267,2022-09-22,11.4
2268,2022-09-23,11.45
2269,2022-09-26,11.4
2270,2022-09-27,11.25
2271,2022-09-28,11.3
2272,2022-09-29,11.35
2273,2022-09-30,11.45
2274,2022-10-03,11.3
2275,2022-10-04,11.05
2276,2022-10-05,11.0
2277,2022-10-06,10.95
2278,2022-10-07,10.95
2279,2022-10-11,10.95
2280,2022-10-12,10.95
2281,2022-10-13,11.1
2282,2022-10-14,11.15
2283,2022-10-17,11.35
2284,2022-10-18,11.65
2285,2022-10-19,11.65
2286,2022-10-21,11.6
2287,2022-10-24,11.6
2288,2022-10-25,11.5
2289,2022-10-26,11.35
2290,2022-10-27,11.35
2291,2022-10-28,11.15
2292,2022-10-31,11.25
2293,2022-11-01,11.35
2294,2022-11-02,11.45
2295,2022-11-03,11.5
2296,2022-11-04,11.4
2297,2022-11-07,11.7
2298,2022-11-08,11.7
2299,2022-11-09,11.8
2300,2022-11-10,11.85
2301,2022-11-11,11.7
2302,2022-11-14,11.7
2303,2022-11-15,11.65
2304,2022-11-16,11.7
2305,2022-11-17,11.7
2306,2022-11-18,11.7
2307,2022-11-21,11.75
2308,2022-11-22,11.6
2309,2022-11-23,11.6
2310,2022-11-24,11.5
2311,2022-11-25,11.65
2312,2022-11-28,11.4
2313,2022-11-29,11.8
2314,2022-11-30,11.65
2315,2022-12-01,11.95
2316,2022-12-02,11.8
2317,2022-12-05,12.0
2318,2022-12-06,12.05
2319,2022-12-07,11.95
2320,2022-12-08,12.0
2321,2022-12-09,12.0
2322,2022-12-13,12.0
2323,2022-12-14,12.0
2324,2022-12-15,12.05
2325,2022-12-16,12.15
2326,2022-12-19,12.2
2327,2022-12-20,12.05
2328,2022-12-21,12.2
2329,2022-12-22,12.05
2330,2022-12-23,12.1
2331,2022-12-28,12.2
2332,2022-12-29,12.2
2333,2022-12-30,12.3
2334,2023-01-03,12.2
2335,2023-01-04,12.1
2336,2023-01-05,12.05
2337,2023-01-06,12.05
2338,2023-01-09,12.1
2339,2023-01-10,12.05
2340,2023-01-11,12.25
2341,2023-01-12,12.35
2342,2023-01-13,12.25
2343,2023-01-16,12.25
2344,2023-01-17,12.25
2345,2023-01-18,12.15
2346,2023-01-19,12.2
2347,2023-01-20,12.3
2348,2023-01-23,12.5
2349,2023-01-24,12.4
2350,2023-01-25,12.4
2351,2023-01-26,12.35
2352,2023-01-27,12.45
2353,2023-01-30,12.5
2354,2023-01-31,12.4
2355,2023-02-01,12.45
2356,2023-02-02,12.4
2357,2023-02-03,12.4
2358,2023-02-06,12.3
2359,2023-02-07,12.45
2360,2023-02-08,12.55
2361,2023-02-09,12.55
2362,2023-02-10,12.55
2363,2023-02-13,12.5
2364,2023-02-14,12.5
2365,2023-02-15,12.45
2366,2023-02-16,12.5
2367,2023-02-17,12.55
2368,2023-02-20,12.5
2369,2023-02-21,12.6
2370,2023-02-22,12.6
2371,2023-02-23,12.6
2372,2023-02-24,12.55
2373,2023-02-27,12.7
2374,2023-02-28,12.5
2375,2023-03-01,12.35
2376,2023-03-02,12.35
2377,2023-03-03,12.4
2378,2023-03-06,12.45
2379,2023-03-07,12.5
2380,2023-03-08,12.5
2381,2023-03-09,12.4
2382,2023-03-10,12.55
2383,2023-03-13,12.7
2384,2023-03-14,12.55
2385,2023-03-15,12.65
2386,2023-03-16,12.2
2387,2023-03-17,12.0
2388,2023-03-20,12.0
2389,2023-03-21,11.75
2390,2023-03-22,11.6
2391,2023-03-23,11.8
2392,2023-03-24,11.9
2393,2023-03-27,11.95
2394,2023-03-28,12.1
2395,2023-03-29,12.2
2396,2023-03-30,12.65
2397,2023-03-31,12.8
2398,2023-04-03,12.9
2399,2023-04-04,12.9
2400,2023-04-05,12.95
2401,2023-04-06,12.85
2402,2023-04-11,12.75
2403,2023-04-12,12.75
2404,2023-04-13,12.7
2405,2023-04-14,12.7
2406,2023-04-17,12.65
2407,2023-04-18,12.55
2408,2023-04-19,12.45
2409,2023-04-20,12.35
2410,2023-04-24,12.3
2411,2023-04-25,12.2
2412,2023-04-26,12.15
2413,2023-04-27,12.05
2414,2023-04-28,12.15
2415,2023-05-02,10.7
2416,2023-05-03,10.5
2417,2023-05-04,10.15
2418,2023-05-05,10.1
2419,2023-05-08,10.5
2420,2023-05-09,10.4
2421,2023-05-10,10.25
2422,2023-05-11,10.25
2423,2023-05-12,10.2
2424,2023-05-15,10.25
2425,2023-05-16,10.35
2426,2023-05-17,10.35
2427,2023-05-18,10.35
2428,2023-05-19,10.4
2429,2023-05-22,10.45
2430,2023-05-23,10.45
2431,2023-05-24,10.45
2432,2023-05-25,10.45
2433,2023-05-26,10.8
2434,2023-05-29,11.0
2435,2023-05-30,11.2
2436,2023-05-31,11.35
2437,2023-06-02,11.6
2438,2023-06-05,11.8
2439,2023-06-06,11.8
2440,2023-06-07,11.7
2441,2023-06-08,11.45
2442,2023-06-09,11.55
2443,2023-06-12,11.6
2444,2023-06-13,11.75
2445,2023-06-14,11.75
2446,2023-06-15,11.7
2447,2023-06-16,11.55
2448,2023-06-19,11.6
2449,2023-06-20,11.7
2450,2023-06-21,11.75
2451,2023-06-22,11.75
2452,2023-06-23,11.75
2453,2023-06-26,11.75
2454,2023-06-27,11.7
2455,2023-06-29,11.7
2456,2023-06-30,11.8
2457,2023-07-03,11.85
2458,2023-07-04,12.0
2459,2023-07-05,12.1
2460,2023-07-06,12.3
2461,2023-07-07,12.1
2462,2023-07-10,12.1
2463,2023-07-11,12.15
2464,2023-07-12,12.15
2465,2023-07-13,12.2
2466,2023-07-14,12.2
2467,2023-07-17,12.2
2468,2023-07-18,12.25
2469,2023-07-19,12.25
2470,2023-07-20,12.35
2471,2023-07-21,12.35
2472,2023-07-24,12.25
2473,2023-07-25,12.2
2474,2023-07-26,12.2
2475,2023-07-27,12.25
2476,2023-07-28,12.4
2477,2023-07-31,12.35
2478,2023-08-01,12.3
2479,2023-08-02,12.3
2480,2023-08-03,12.35
2481,2023-08-04,12.4
2482,2023-08-07,12.45
2483,2023-08-08,12.45
2484,2023-08-09,12.45
2485,2023-08-10,12.45
2486,2023-08-11,12.45
